customer_id,name,email,city,state,signup_date
1,Allison Hill,donaldgarcia@example.net,New Roberttown,Colorado,2024-02-08
2,Alyssa Gonzalez,lrobinson@example.com,Port Lindachester,Michigan,2024-04-13
3,Phillip Garcia,wdavis@example.net,Lindsaymouth,Ohio,2023-10-28
4,Angela Carter,barbara10@example.net,Port Keith,Colorado,2026-01-06
5,Jamie Chavez,francisco53@example.net,Jacquelineland,Rhode Island,2025-05-09
6,Danielle Ford,veronica83@example.net,Meganton,Iowa,2025-11-30
7,Jennifer Jones,jason76@example.net,Thomasberg,Kansas,2025-09-07
8,Nicole Patterson,icox@example.net,Daviston,Delaware,2023-11-28
9,Michael Carlson,djames@example.net,Tashatown,Utah,2025-08-11
10,Kimberly Adams,daniel62@example.com,Lake Nancyview,North Carolina,2025-09-26
11,Ashley Garrett,ericfarmer@example.net,New Mariotown,Delaware,2026-03-28
12,Sandra Parker,allenashley@example.org,Lake Toddland,Wisconsin,2025-01-17
13,Matthew Arroyo,josephbrennan@example.com,New Karina,Vermont,2024-01-20
14,Zachary Santos,clam@example.org,East Caleb,Alaska,2025-03-19
15,Daniel Jones,perezrebecca@example.com,New Johnfort,Indiana,2025-01-25
16,Sonya Johnston,kristenaguirre@example.org,North Donnastad,Nevada,2024-09-06
17,Amy Valdez,brownjessica@example.org,East James,New Hampshire,2023-11-14
18,Joel Baxter,ramosmichelle@example.net,North Deniseside,Alabama,2026-05-11
19,Sarah Martin,zolson@example.org,South Aaron,Missouri,2024-03-30
20,Jordan Henderson,smoore@example.org,New Jillton,West Virginia,2024-05-22
21,John Calhoun,brianromero@example.org,New Carlosbury,Montana,2023-10-23
22,Danielle Wheeler,barnesbrandy@example.net,Sarahborough,Texas,2025-08-06
23,James Powers,stephen10@example.com,North Amandahaven,Kentucky,2023-11-06
24,Benjamin Sanchez,eric84@example.net,Lake Lisaport,Texas,2023-10-05
25,Deborah Preston,josephjacobs@example.net,Jamesview,North Carolina,2024-11-30
26,Sarah Davis,ccalderon@example.org,Kellieview,Hawaii,2025-09-03
27,Jessica Smith,landryhannah@example.org,Port Mikeside,Georgia,2024-09-27
28,Jacob Fitzpatrick,nolanjason@example.org,West Kimberlychester,South Carolina,2025-09-12
29,Cynthia Martin,nicolejohnson@example.net,Kimberlychester,Texas,2026-01-16
30,Debra Cobb,reyesbenjamin@example.com,East Lisa,New Jersey,2024-07-01
31,Shelby Walker,raymondramirez@example.org,Michaelhaven,Montana,2025-06-27
32,Erin Johnson,gregory40@example.org,Reedmouth,Nevada,2025-04-08
33,Janice Ray,bradley60@example.net,West Ryan,Texas,2026-03-19
34,Mary Martinez,william65@example.com,Angelaborough,Nebraska,2025-06-11
35,Paul Thompson,richard04@example.com,South Kristi,Rhode Island,2025-05-31
36,Jeremy Lewis,yleon@example.net,Lake Christopher,North Carolina,2025-06-10
37,Anna Crane,emilywalker@example.org,North Brandon,New Mexico,2025-04-13
38,Joy Mercado,jennifercruz@example.com,East Diana,Alabama,2026-02-16
39,Stacey Osborne,gregoryrubio@example.net,Williamsbury,Delaware,2024-10-26
40,Mary Travis,stephanie79@example.net,Rivasside,New Hampshire,2026-02-21
41,Karen Green,maryramirez@example.net,Simsview,New Hampshire,2023-09-06
42,Devon Flores,taylorjesse@example.net,Lake Jason,Nebraska,2024-09-02
43,Jennifer Clark,xprice@example.net,Port Nicoleshire,Missouri,2024-11-17
44,Elizabeth Price,vmedina@example.net,South Jeffrey,Nevada,2024-11-27
45,Michael Yates,marycalhoun@example.net,South Brittanytown,Colorado,2025-05-18
46,Joel Williams,dmurphy@example.com,Kathleenfurt,Louisiana,2025-09-15
47,Darlene Miller,currybrett@example.com,Lake Casey,Tennessee,2023-07-28
48,David Combs,johnwells@example.org,South Holly,Wyoming,2024-07-22
49,Tracey Higgins,tamirodriguez@example.org,Barbarafurt,Montana,2026-04-10
50,Kevin Rivas,curtisbarton@example.net,Port Tonyaton,Minnesota,2025-01-17
51,Andrea Holland,atkinsonlynn@example.org,Yumouth,Virginia,2023-11-28
52,Joseph Santos,umarshall@example.net,Marcusbury,Colorado,2024-04-14
53,Paul Hudson,frogers@example.com,South Jason,Kentucky,2024-06-21
54,Meredith Hill,blackjames@example.org,Freemanbury,Vermont,2024-11-16
55,Joan Smith,jeffrey34@example.net,Thomashaven,Minnesota,2024-09-22
56,Erin Warner,kristopher31@example.net,West David,Ohio,2026-04-21
57,Cheryl Rodgers,jenny89@example.com,Port Jamesbury,Mississippi,2023-12-27
58,Joseph Hill,tranheidi@example.org,Garciatown,Oregon,2024-04-20
59,Glen Sheppard,shelley71@example.org,Vasquezshire,South Dakota,2025-07-05
60,Robert Avery,mcknightdavid@example.com,Port Alexandra,New Hampshire,2026-03-05
61,Kevin Patterson,lynchjody@example.org,West Donna,Hawaii,2024-03-02
62,Brooke Ortiz,ocarter@example.com,Jacquelinemouth,California,2025-07-06
63,Rachel Weber,ronaldstephens@example.net,West Margaret,California,2023-08-18
64,Linda Holloway,scott74@example.net,Benderhaven,Ohio,2024-12-06
65,Andrew Reynolds,cassandra01@example.org,Port Emilyview,Oregon,2023-07-28
66,Julie Pearson,howard96@example.net,Costafort,Minnesota,2024-09-03
67,Brian Martin,ssteele@example.net,Cervantesside,Arizona,2024-10-24
68,Frank Cordova,ahancock@example.net,Gutierrezborough,North Dakota,2024-07-14
69,Lori Wolf,josephanderson@example.com,Gilmorefort,Delaware,2023-07-15
70,Rebecca Mckinney,andrea86@example.org,Port Robin,New Jersey,2026-04-16
71,Brittany Cantu,william46@example.com,Sanchezside,Georgia,2024-08-07
72,Katie Suarez,hillkristy@example.com,Sarahhaven,Louisiana,2025-11-29
73,Edwin Matthews,cgrimes@example.net,Reedside,Wisconsin,2025-01-29
74,Frank Lopez,ashleyhall@example.com,West Juliefurt,Missouri,2026-06-01
75,Marissa Hernandez,martineztammy@example.com,Port Meganville,North Dakota,2026-03-07
76,Charles Pitts,charlesharrington@example.com,Cindyfurt,Tennessee,2023-09-10
77,Michael Ferguson,courtney78@example.org,East Crystalport,Iowa,2025-09-09
78,Brett Schultz,wallaceheather@example.org,West Lauraport,Minnesota,2024-07-28
79,Joseph Knight,georgemiller@example.com,South Roberta,Georgia,2024-02-23
80,Julia Estrada,rsantana@example.net,North Scott,Minnesota,2026-05-31
81,Victor Vaughn,mbruce@example.com,Rodriguezfurt,Oregon,2024-07-11
82,Michael Johnson,khill@example.net,New Julieport,Wyoming,2025-11-05
83,Heather Fields,erica21@example.net,West Kristinaton,Pennsylvania,2024-07-17
84,Theodore Murphy,ithompson@example.net,Alyssaview,Hawaii,2024-03-21
85,Karen Drake,linda71@example.org,Port Erica,Utah,2026-05-23
86,Regina Diaz,ismith@example.org,Richardsonview,Pennsylvania,2024-08-04
87,Jacqueline Leonard,jjohnson@example.com,Lake Bryan,New Jersey,2026-03-06
88,Jason Taylor,torrestravis@example.org,New Derek,New Jersey,2024-07-24
89,Melissa Fernandez,nicolepena@example.com,Crosbyview,Arizona,2025-07-09
90,Jeremy Young,cory58@example.net,Bruceview,Illinois,2026-05-10
91,Samantha Davis,darleneharper@example.org,Port Matthewberg,Oregon,2024-01-24
92,Kristen Willis,markhernandez@example.net,West Micheleberg,Florida,2025-01-26
93,Ashley Delacruz,alexistyler@example.org,Alfredview,Arkansas,2023-10-30
94,Brian Brown,gstrickland@example.net,South Williamton,Washington,2025-10-19
95,Kelly Ellis,browntimothy@example.com,Parksfort,Virginia,2026-03-07
96,Bobby Franklin,martinezclaudia@example.net,Oscarhaven,Maine,2024-10-23
97,Annette Miles,russellbeasley@example.com,Mariafurt,Nebraska,2025-08-21
98,Erik Scott,gloriawells@example.org,North Ryanstad,Florida,2025-02-12
99,Kristina Rivera,jenkinsmorgan@example.com,West Carolinestad,Connecticut,2025-03-08
100,Matthew Walker,bellangela@example.org,Audreychester,Oklahoma,2026-05-17
101,Lisa Day,lynchdiane@example.net,Anthonyview,Vermont,2025-09-26
102,Heather White,ashleymorales@example.org,North Julieborough,Missouri,2024-09-16
103,Jacob Griffith,wareeric@example.net,Lake Christophermouth,Texas,2024-09-20
104,Jennifer Lewis,reeddaniel@example.net,Roseport,Arizona,2024-02-10
105,Mrs. Christine Dougherty,kathrynroberts@example.org,South Julieburgh,Florida,2024-08-03
106,Kathryn Whitaker,charles06@example.org,Morsemouth,Oregon,2024-09-26
107,Mark Roberts,usmith@example.org,Collierstad,Colorado,2024-10-04
108,Jeffrey Morales,fosterkyle@example.com,West Kimberly,California,2024-12-24
109,Jordan Bullock,michael23@example.org,West James,Rhode Island,2023-11-28
110,Angela Bean,kmarshall@example.net,Maldonadoshire,Tennessee,2025-05-10
111,Sharon Burton,scottharrison@example.net,Laurashire,Arkansas,2024-07-03
112,Joel Johnson,marie11@example.net,Fordside,West Virginia,2026-02-19
113,Robert Pearson,cassidy82@example.org,Garciamouth,Virginia,2023-09-14
114,Amanda Zimmerman,nwarren@example.org,Nathanport,Missouri,2024-09-04
115,Kyle Mccormick,cameron18@example.net,Mitchellberg,Michigan,2023-09-11
116,Sydney Collins,tanderson@example.org,Angelicamouth,Florida,2025-06-17
117,Nancy Jennings,lucasrodney@example.com,West Kyleborough,Michigan,2026-04-17
118,Mr. Chad Jones,romeroamber@example.net,Lake Matthewberg,Rhode Island,2024-07-30
119,Ronald Wise,jenniferwilliams@example.com,South Cheryl,Wisconsin,2025-09-11
120,Joseph Collins,mmckee@example.com,Murrayport,Wyoming,2024-08-05
121,Tracy Montoya,moniquewilliams@example.com,Angelaville,Virginia,2025-12-27
122,Dominique Hines,shannon82@example.com,East Lisastad,Alaska,2024-09-10
123,James Hughes,brooksanthony@example.org,Laceyberg,Arizona,2024-04-23
124,Melissa Taylor,awest@example.org,West Jasonberg,Oklahoma,2026-04-09
125,Jenny Parsons,kevinwilliams@example.com,Brownfort,Rhode Island,2025-01-21
126,Laura Higgins,ruben95@example.org,Lopezland,North Dakota,2026-05-17
127,Joseph Romero,myerstheodore@example.net,Zavalaview,West Virginia,2023-07-01
128,Haley Quinn,ingramjill@example.com,North Michael,Michigan,2025-11-21
129,Richard Marshall,zwelch@example.org,Lake Kimberlymouth,Arizona,2024-04-30
130,Curtis Williams,zachary87@example.com,Port Deborahport,Minnesota,2026-01-13
131,Matthew Nelson,samuel67@example.com,Terrifort,Vermont,2024-12-10
132,Kelly Owen,mmiller@example.org,Manuelland,Massachusetts,2025-06-07
133,Lance Simmons,cbell@example.net,Christinachester,Louisiana,2025-05-14
134,Amy Lambert,zcox@example.net,North Douglas,Rhode Island,2025-06-26
135,Cameron Young,michael90@example.net,Lake Shannon,Mississippi,2024-07-25
136,Laura Moreno,redwards@example.org,North Jillfort,North Dakota,2024-08-11
137,Deborah Green,nlewis@example.com,Gonzalezberg,California,2024-10-21
138,Jill Miller,elizabeth18@example.net,Patriciaburgh,Virginia,2025-07-30
139,Carrie Ward,davidharris@example.org,Port Troy,Mississippi,2025-02-10
140,Robert Arnold,jonesraymond@example.net,Foxchester,Oregon,2023-09-02
141,Maria Cole,david89@example.org,South Wesley,Arkansas,2025-12-11
142,Elizabeth Martin,michaeleverett@example.com,West Jamesside,Louisiana,2023-10-29
143,Joseph Shaw,brittanycarpenter@example.org,Meganshire,Arizona,2025-12-04
144,Angel May,debra96@example.net,South Pamelaside,Maine,2025-05-17
145,David Aguirre,eevans@example.net,East Scottfort,New Jersey,2024-01-23
146,Emily Higgins,theresa25@example.net,West Johnville,Louisiana,2024-10-18
147,Anthony Dougherty,kwright@example.com,Jamesburgh,New York,2026-06-09
148,Shawn Jimenez,landrywilliam@example.org,New Michael,Arkansas,2024-04-17
149,Sarah Chambers,amanda16@example.org,Jessicafurt,Mississippi,2023-08-02
150,Justin Cox,charles87@example.net,Marciaville,Florida,2026-05-17
151,Robert Morgan,kari39@example.net,Porterton,Arizona,2023-11-11
152,John Bryant,markaustin@example.org,Ewingport,Pennsylvania,2024-06-16
153,Kim Erickson,thomas05@example.com,South Brandytown,Rhode Island,2024-11-15
154,Rachel Parsons,jennifersilva@example.org,Hernandezbury,Arizona,2025-03-02
155,Cheryl Alexander,shernandez@example.org,Shawfort,West Virginia,2025-08-19
156,Kelly Hoffman,ufox@example.org,Barrmouth,Ohio,2024-07-06
157,Michelle Schneider,chelsea33@example.com,Jeffreyport,Wyoming,2024-04-25
158,Michael Stewart,ann44@example.org,Huangfurt,Minnesota,2026-04-25
159,Donna Roberts,reedscott@example.com,Lewisside,Louisiana,2026-04-01
160,Breanna Gilbert,johnsantiago@example.net,Lake Jesse,Connecticut,2024-09-08
161,Ashlee Townsend,oconnelltiffany@example.org,Delgadofort,New Mexico,2025-05-26
162,Donna Mitchell,velezchristopher@example.net,New Joanne,Arizona,2026-03-10
163,Stephen Thompson,osbornrandy@example.com,Lake Suzanne,Maine,2026-01-29
164,Keith Rodriguez,justin88@example.com,Port William,Louisiana,2024-01-11
165,Christopher Stevens,jennifer05@example.com,East Cheryl,South Dakota,2026-02-21
166,Kaylee Miller,lopezdonald@example.com,North Jose,Kansas,2024-10-15
167,Gary Aguilar,greenmichael@example.org,Lake Davidport,Hawaii,2024-08-31
168,Stephanie Padilla,hannah45@example.net,East Susan,New Mexico,2023-11-28
169,Lisa Perry,ztodd@example.net,Port John,Wisconsin,2025-03-28
170,Kelly Rice,christian91@example.org,New Amanda,Hawaii,2024-06-07
171,Audrey Harris,gdavis@example.com,South Davidchester,New Jersey,2025-02-21
172,Megan Parker,fosterlisa@example.net,New Charles,Nevada,2024-06-25
173,Zachary Michael,andersenthomas@example.com,Whiteberg,Wyoming,2025-05-17
174,Tracey Brooks,ywest@example.com,Lake Tamaraside,Florida,2025-05-30
175,Christopher Medina,jessicawalker@example.org,West Stevenside,Nevada,2025-01-16
176,Danielle Reed,jacob10@example.net,Mendeztown,Kansas,2024-01-25
177,Andrew Harper,sanchezbradley@example.com,New Jeff,Wyoming,2023-08-14
178,Donna Cabrera,barbara53@example.com,Lake Adriana,Nebraska,2024-05-08
179,Travis Hobbs,conniesimmons@example.com,West Shellyfurt,North Dakota,2024-05-28
180,Chase Bennett,oallen@example.com,Port Steven,Arkansas,2025-02-19
181,Kristin Anderson,jonathanrivera@example.org,Booneland,Ohio,2025-08-16
182,Derrick Nunez,russojacob@example.net,South Jason,Michigan,2024-05-11
183,Christy Lee,burgesskaren@example.org,South Rose,Oklahoma,2024-05-31
184,John Wong,jose87@example.com,Port Tinafort,Wisconsin,2025-12-20
185,Jacqueline Gutierrez,joycesmith@example.net,Phillipsborough,Michigan,2024-02-21
186,Danielle Pierce,jonathan77@example.com,Lake Laura,Hawaii,2023-11-14
187,Catherine Preston,warrenmary@example.org,Port Adamberg,South Dakota,2024-02-22
188,Alexa Wagner,bruce97@example.net,Smithside,Oklahoma,2024-09-06
189,Nathan Nichols,andre62@example.org,New Eduardoborough,South Carolina,2025-01-10
190,Debra Sanders,susan79@example.org,West Gabriella,Colorado,2025-05-30
191,Olivia Davis,ebennett@example.org,Lake Georgefort,Nevada,2025-05-20
192,William Dickson,hallrachel@example.net,Nelsonland,Utah,2026-03-24
193,Kristy Johnson,alexis39@example.org,Hickmanport,Hawaii,2025-02-21
194,Sarah Rhodes,patrick21@example.net,Brianchester,Iowa,2025-12-19
195,Randy Friedman,unovak@example.org,Kristenmouth,New York,2024-02-19
196,Jaime Lopez,nmiller@example.com,Lake Charles,Louisiana,2023-11-30
197,Madison Singh,michael10@example.com,Wardview,Connecticut,2023-11-06
198,Jerry Peters,fgarcia@example.com,New Carlymouth,Missouri,2023-06-27
199,Richard Hardy,ashleyjackson@example.com,East Joseph,Louisiana,2024-12-05
200,Jeffrey Fisher,xpatton@example.com,Lake Colleen,Rhode Island,2025-04-19
201,Chad Smith,ncook@example.com,Scottchester,Tennessee,2026-05-16
202,Frank Valentine,timothythompson@example.com,Kellyfort,Oregon,2025-10-18
203,Douglas Hartman,daniel93@example.net,Lake Katrina,Alaska,2026-04-23
204,Michael Gonzales,marie16@example.net,Taylorport,Kansas,2024-03-16
205,Jay Bennett,eewing@example.net,Fergusonchester,Ohio,2023-07-24
206,Meredith Burnett,rodriguezjohn@example.net,Gabrielton,Oregon,2026-05-27
207,Jennifer Goodwin,grodriguez@example.com,New Julie,Oklahoma,2025-03-11
208,Jill Myers,michaeljohnson@example.org,Robertland,Delaware,2025-12-11
209,Hannah Cooper,adrianabailey@example.org,Bowenmouth,Massachusetts,2023-08-26
210,Michael Johnson,deborah23@example.net,New Ethan,Oklahoma,2024-09-23
211,Robert Soto,daniellereynolds@example.org,South Brittany,Missouri,2023-06-18
212,Donald Padilla,raylauren@example.net,West Mark,New Jersey,2023-10-16
213,Katherine Church,candice96@example.net,West Michaelmouth,South Carolina,2023-12-20
214,Rebecca Sellers,powerslawrence@example.org,Darylstad,Vermont,2023-11-15
215,Kyle Andrews,olopez@example.net,New Garrett,Maine,2023-11-14
216,Jerry Brown,stephanie72@example.org,Maynardhaven,Tennessee,2024-12-07
217,Jennifer Larsen,kjackson@example.org,West Antonio,Iowa,2025-01-23
218,Jim Newton,hdunn@example.net,West Kimberlystad,Ohio,2025-12-01
219,Nathan Payne,pgarcia@example.org,Nancyton,New Hampshire,2024-03-28
220,Angie Grimes,rowejoel@example.net,Michellechester,Hawaii,2025-04-19
221,Robin Trujillo,amanda98@example.org,Tiffanyport,Maine,2025-03-02
222,Kayla Mccullough,taylorkaren@example.com,West Michelleberg,Vermont,2026-01-18
223,Michael Poole,kburns@example.net,Courtneyfurt,New Hampshire,2023-09-04
224,Patricia Powell,heather57@example.com,Brandiland,Washington,2026-05-14
225,Melissa Horn,brobinson@example.org,Adamsport,Michigan,2025-02-02
226,Samuel Kramer,williamsconnie@example.com,North Sarahburgh,New Hampshire,2024-10-26
227,Jessica Forbes DVM,erik41@example.net,Johnstad,Texas,2026-02-28
228,James Torres,rubendavis@example.org,East Thomasberg,Pennsylvania,2024-02-16
229,Alexandra Dominguez,mcneilrobert@example.org,Jonesfurt,Colorado,2025-08-22
230,Erik Ibarra,patrickli@example.org,North Alyssa,Alabama,2025-04-12
231,Gregory Lewis,samanthajensen@example.com,North Peggy,Florida,2025-09-15
232,Janet Richmond,kylie34@example.net,East Angelaport,Wyoming,2026-04-10
233,Ryan Liu,aprilhicks@example.net,Phillipston,Kansas,2024-12-07
234,Jonathan Wheeler,hatfieldsarah@example.org,Valenciashire,Nebraska,2024-07-18
235,Pamela Best,smithcarlos@example.com,North Sandra,Montana,2024-12-20
236,Kathryn Perry,imiller@example.net,West Christopher,Colorado,2024-12-25
237,Robert Herrera,wwillis@example.net,West Hollybury,Arkansas,2024-03-07
238,Audrey Salazar,parkerjudith@example.net,North Alexander,Florida,2025-07-21
239,Troy Mills,gary24@example.net,Port Rachelmouth,Nevada,2024-04-07
240,Michael Ray,crawfordwilliam@example.org,Villarrealburgh,Mississippi,2023-12-03
241,Stephanie Craig,perezwilliam@example.org,East Brandonstad,Missouri,2026-03-18
242,Tyler Johnson,pwalker@example.com,Josephland,Oregon,2024-07-26
243,Stephanie White,finleycasey@example.com,Kiaraport,Massachusetts,2023-09-16
244,Jacob Carter,jodi37@example.com,Cuevasborough,Washington,2026-02-24
245,Danielle Smith,ijohnson@example.com,West Aaronfurt,West Virginia,2025-08-19
246,Joseph Allen,jwoodward@example.net,Christopherbury,North Dakota,2024-09-08
247,Judy Adkins,wagnerdana@example.com,New Ashleychester,Texas,2026-05-05
248,Dean Edwards,vhaynes@example.com,Shawnbury,California,2026-04-13
249,Randy Rodriguez,martinsteven@example.com,New Michaelborough,New Hampshire,2024-05-16
250,Bryan Moore,margaret90@example.org,Eddiebury,Minnesota,2024-08-21
251,Edwin Wilkins,anthonysullivan@example.com,North Steven,Florida,2023-10-25
252,Richard Walker,madisonwatson@example.net,New Brendaland,Alaska,2026-06-10
253,Matthew Lamb,steinmaria@example.com,North Sheriton,Hawaii,2026-03-22
254,Nathaniel Crawford,lvega@example.com,East Joshua,New Hampshire,2026-02-06
255,Manuel Sanchez,victor87@example.org,West Patrickchester,Illinois,2025-05-18
256,Danielle Mcknight,mayokimberly@example.com,Stephensfort,Minnesota,2026-03-10
257,Jasmine White,carla04@example.org,Morenoshire,Iowa,2026-05-16
258,Matthew Adams,gallagherstacie@example.net,Kellyburgh,Idaho,2024-02-28
259,Oscar Howard,warnermichael@example.net,New Stacy,New York,2025-01-28
260,Andrew Brown,andrewwoods@example.com,Port David,Virginia,2023-12-25
261,Sheena Brown,brendastark@example.org,Susanstad,Virginia,2026-04-11
262,Brian Turner,theresaoconnor@example.com,Banksburgh,Virginia,2026-05-10
263,Tanya Buchanan,elizabetholsen@example.com,Jessicaport,Florida,2023-12-25
264,Michael Berry,whitelucas@example.net,Lake Ariana,New York,2023-11-15
265,Cynthia Haas,daisymccarty@example.net,Seanview,Indiana,2024-03-13
266,David Rodriguez,williamssamuel@example.com,South Trevor,Missouri,2024-07-02
267,Ronald Kramer,franciscojones@example.org,Andrewview,Connecticut,2023-09-03
268,James Dennis,morgantricia@example.com,South Sherriburgh,Rhode Island,2026-02-13
269,Brian Harris,robertspencer@example.net,Donnaport,Kansas,2023-09-27
270,Joshua Henry,wardronald@example.com,Gonzaleztown,Indiana,2023-12-18
271,Bradley Anthony,kristen77@example.net,Christopherside,Missouri,2024-01-02
272,Jaclyn Griffin,scott43@example.com,East Karenville,Colorado,2025-06-15
273,Jennifer Avila,angelarandall@example.net,Sheppardfort,Oregon,2026-02-04
274,Blake Orr,shawrachel@example.net,North Stacy,New Hampshire,2023-12-20
275,Dr. Rhonda Martinez,rmiller@example.com,Port Courtney,Rhode Island,2024-03-22
276,Suzanne Jones,jhawkins@example.com,Apriltown,Vermont,2025-04-26
277,Jennifer Perry,ashleyaguilar@example.org,New Kimberlyport,Ohio,2026-02-02
278,Deborah Pena,rjohnson@example.com,New Charlotte,Vermont,2024-08-27
279,Shawn Vaughn,reesesamantha@example.com,West Lisaport,Maryland,2024-04-16
280,Michael Garcia PhD,kevinmanning@example.com,Jessicaland,Illinois,2024-10-10
281,Jennifer Washington,lori82@example.org,Jennafurt,Florida,2025-10-16
282,Laura Thompson,marywright@example.com,West Janetview,Mississippi,2025-12-02
283,Madison Martinez,allentracy@example.com,Port Thomas,Oklahoma,2024-07-01
284,Steven Curry,mitchellpaul@example.org,Port Jeffrey,Iowa,2025-06-25
285,Jason Smith,wellsdavid@example.org,East Johnnyport,Virginia,2026-05-08
286,Jessica Bennett,stephen37@example.com,Silvatown,North Carolina,2026-06-13
287,Sara Hoffman,kenneth17@example.org,Vanessamouth,Louisiana,2024-03-26
288,Stephanie Evans,zacharyallen@example.org,Guerreroberg,Washington,2023-07-11
289,Edward Meadows MD,aguilarwanda@example.org,Jessicabury,Utah,2025-01-19
290,Susan Powers,megan82@example.com,South Davidview,Washington,2025-11-15
291,Catherine Frazier,destiny35@example.org,Robertmouth,Mississippi,2024-03-25
292,Samuel Ruiz,kennedyjames@example.org,Morenochester,Arkansas,2026-01-23
293,Willie Cooper,tthomas@example.org,South Marvinburgh,Massachusetts,2025-05-09
294,Donald Juarez,barbaramoore@example.org,New Ryan,Nevada,2024-08-29
295,Janet Johnson,jessicadodson@example.com,North Erica,South Dakota,2025-08-26
296,Shawn Collins,reyesbrianna@example.org,Port Brandonport,New Jersey,2025-08-19
297,Gail Barron,matthewvalenzuela@example.com,East Stacy,Montana,2023-07-04
298,William Clark,lawrencegary@example.com,South Nancyview,Wyoming,2025-01-20
299,Zachary Stanley,williamsdarrell@example.com,Martinezview,New Mexico,2025-07-22
300,Michael Smith,qstanley@example.net,Cindyberg,Nebraska,2025-12-10
301,Nathan Wilson,glovertyler@example.net,Port Jose,North Dakota,2026-05-15
302,Jason Martin,slozano@example.com,Jimmytown,Texas,2023-09-19
303,Kenneth Snyder,chancharles@example.net,West Dawnmouth,Maine,2024-03-29
304,Robert Sawyer,michael56@example.net,North Melissaton,Alabama,2026-01-02
305,Carolyn Howard,rfriedman@example.net,West Lisaburgh,Delaware,2024-08-26
306,Denise Cruz,pmarsh@example.org,East Heatherton,Hawaii,2023-10-05
307,Karen Carroll,ywhite@example.com,Port Gabrielleberg,New Mexico,2026-03-18
308,Jason Williams,diana08@example.net,Lake Morgan,North Dakota,2025-01-07
309,Anna Stanley,timothyalvarado@example.net,Hernandezside,South Carolina,2023-08-12
310,Brooke Allison,ebooth@example.com,Johnview,Arkansas,2024-12-20
311,Jamie Montoya,stevenslaurie@example.com,Port Vernonmouth,Delaware,2026-05-23
312,Alicia Powell,hawkinsaaron@example.org,Pamelaside,Indiana,2025-05-31
313,Glen Bryan,meganrivera@example.net,Moranstad,Virginia,2024-10-21
314,Matthew Smith,maria48@example.net,Jacquelineton,Hawaii,2024-12-04
315,Natalie Ortiz,cheryl31@example.com,South Makayla,Illinois,2025-08-07
316,Jason House,bartonshannon@example.net,South Adam,West Virginia,2023-08-06
317,Sara Webb,heatherthompson@example.org,South Dianemouth,North Carolina,2026-02-04
318,Lee Schwartz,joshuastuart@example.com,Ballardberg,Nebraska,2025-04-04
319,Kayla Cameron,jennifer83@example.org,New Jennifer,Utah,2024-06-26
320,Vicki Santos,williambenson@example.com,Port Michaelfort,Pennsylvania,2025-02-28
321,Jennifer Adkins,natalie60@example.net,North Oscarton,Texas,2023-08-15
322,Richard Terrell,dwayne04@example.org,West Lisaville,South Carolina,2026-01-20
323,Sharon Newton,yyoung@example.net,Heatherton,Missouri,2024-08-11
324,Vanessa Edwards,smithjohn@example.net,Greerstad,Wisconsin,2025-03-19
325,Christina Hardy,kellythompson@example.net,East Sydneyhaven,Delaware,2024-07-31
326,Justin Anderson,adam72@example.org,West Candice,Wyoming,2026-03-31
327,Mary Henry,charles58@example.org,New Carlos,North Carolina,2023-12-05
328,Jennifer Bailey,elizabethrivera@example.com,Port Christine,New Mexico,2026-06-10
329,Veronica Smith,sean99@example.org,Lake Nicolefurt,Delaware,2024-08-09
330,Diane Pruitt,willie87@example.com,West Rachelborough,Massachusetts,2024-12-28
331,Carol Huber,simsjason@example.net,Port Gina,Connecticut,2024-01-25
332,Sherry Figueroa,elucas@example.net,North Stephen,Michigan,2023-07-25
333,Christopher King,andrewsjeremy@example.com,Hughesfurt,Nevada,2024-05-25
334,Bryan Smith,avilabrenda@example.net,West Sarahville,Maine,2025-10-23
335,Brandon Hubbard,qjames@example.org,Moorebury,Florida,2025-09-09
336,Sarah Phillips,kennetheaton@example.net,Susantown,Oklahoma,2026-01-27
337,Andrew Armstrong,fmedina@example.com,Lake Judith,Washington,2024-06-24
338,Matthew Hunt,jackjensen@example.com,North Howard,Oregon,2026-01-03
339,Tara Gamble,enewman@example.com,West Coreyshire,New York,2026-04-21
340,Michael Young,christine35@example.com,Murphyport,Vermont,2025-03-15
341,Holly Stewart,ujackson@example.org,Lake Jodi,Nevada,2024-04-12
342,Michael Rivera,wford@example.com,Arnoldburgh,Tennessee,2025-04-08
343,Shannon Taylor,josemercado@example.org,North Melissatown,Pennsylvania,2025-03-09
344,Christy Johnson,amy87@example.net,West Philip,Wyoming,2025-03-21
345,Brandi Mason,sanderswayne@example.net,Port Tamara,South Carolina,2025-07-02
346,Brenda Moore,jillwebb@example.com,East Kathleenbury,California,2024-03-29
347,Michael Holmes,paul70@example.org,Dakotahaven,South Dakota,2025-12-09
348,Deborah Stephens,nicholasgray@example.net,New Johnbury,North Dakota,2024-08-31
349,Haley Sparks,shawdon@example.org,North Xavier,Louisiana,2024-01-31
350,Jack Love,guerrerorobert@example.com,South Emmafort,Indiana,2025-03-22
351,Jennifer Sanchez,ashleymartin@example.net,New Dylanburgh,Kentucky,2026-03-21
352,Jennifer Costa,johnsjessica@example.com,East Shanefort,New Mexico,2023-12-17
353,Lindsay Norton,cindydixon@example.org,Sandrashire,California,2024-02-20
354,Brian Harris,mserrano@example.org,South Rachel,Rhode Island,2023-07-26
355,Kathy Wilson,mhopkins@example.net,Port Erikachester,North Dakota,2024-09-17
356,Melissa Patterson,yclarke@example.com,South Dennisfort,Wyoming,2024-02-23
357,Diane Mcdowell,ascott@example.net,New Alexandrahaven,Alabama,2024-07-29
358,Robert Ortiz,mooredenise@example.com,Melissachester,Oregon,2024-07-18
359,Michael Fischer,jarnold@example.com,West Angie,New Mexico,2024-03-18
360,Gregory Thornton,melissahopkins@example.net,South Krista,Hawaii,2023-10-01
361,Rachel Owen,martintamara@example.org,Port Dustinchester,Colorado,2023-08-23
362,Bobby Johnson,zarias@example.net,Jenniferton,Wyoming,2025-11-28
363,Jessica Harris,james98@example.net,New Gavin,Arizona,2024-07-12
364,Vanessa Miller,kimberly56@example.com,New Alexis,Virginia,2023-08-28
365,Duane Gallegos,michael43@example.net,South Sarah,Oregon,2023-06-19
366,Jonathan Hansen,matthew18@example.com,Heatherfurt,Oregon,2024-11-25
367,Gerald Rowe,bmosley@example.com,West Carlosbury,Utah,2025-07-21
368,Jennifer Gomez,haynesjose@example.com,South Emilymouth,California,2025-02-10
369,Erik Robinson,ian37@example.net,East Jill,Kentucky,2024-01-26
370,David Montgomery,kimberlywilson@example.org,Austinside,Arizona,2025-12-29
371,Ethan Villanueva,travis84@example.com,Port Barbara,Arkansas,2025-01-10
372,Todd Johnson,phillip27@example.org,Stewarttown,Alabama,2025-06-21
373,Brian Ward,jacob43@example.com,Mullenmouth,Mississippi,2024-01-01
374,Jason Goodwin,melissa47@example.org,New Gina,Connecticut,2025-08-12
375,Kristi Chase,dustinhaley@example.org,Shafferburgh,Nebraska,2024-12-12
376,Sarah Holmes DDS,jevans@example.net,South Coreyburgh,Arkansas,2024-02-05
377,Ryan Davis,jordan58@example.net,Mauricechester,Delaware,2024-07-02
378,Lisa Ray,tiffanymitchell@example.com,Hamptonmouth,Colorado,2024-08-04
379,Mark Thomas,daniellemcfarland@example.com,Sweeneyland,Colorado,2023-12-08
380,Evan Carter,catherine64@example.com,Juliehaven,New Hampshire,2024-09-09
381,Alexander Luna,shelby13@example.org,Garcialand,New Mexico,2025-02-04
382,James Hubbard,garciachristine@example.org,Parkerbury,West Virginia,2024-04-20
383,Bonnie Roberson,johnsonmichael@example.com,Mcdonaldside,Louisiana,2025-02-04
384,Travis Ryan,owelch@example.net,Millsside,Maryland,2026-03-06
385,Mr. Brandon Parker,tgreen@example.org,New Lisaberg,Minnesota,2024-04-23
386,Melissa Vasquez,xevans@example.com,Carlatown,Oklahoma,2024-07-27
387,Justin Foster,jenniferbrewer@example.com,West Christian,South Dakota,2024-03-02
388,Susan Aguirre,justin84@example.com,Port Casey,Florida,2024-04-26
389,Lisa Nelson,blopez@example.org,New Andrewville,Maine,2024-04-04
390,Monica Hall,alexisrobinson@example.com,Kristifort,Mississippi,2024-11-03
391,Erin Bridges,brianrowe@example.org,Whiteview,Missouri,2025-12-07
392,Randy Wright,cwright@example.org,Mossville,North Dakota,2025-06-12
393,James Ali,eric08@example.net,West Timothyport,Illinois,2024-07-13
394,Melvin Mcpherson,cynthianguyen@example.org,Brendafurt,Kansas,2023-06-23
395,Richard Alvarez,nathandavis@example.org,Davismouth,Wisconsin,2025-04-29
396,Matthew Miles,martinezjesse@example.net,Lindamouth,Washington,2024-01-11
397,Heather Taylor,washingtonsamuel@example.com,Lopezburgh,Ohio,2024-06-29
398,Denise Guerra,caseymoore@example.com,Ambermouth,Alabama,2025-10-11
399,Morgan Andrade,kimberly35@example.net,Lake Tammyfurt,Illinois,2025-01-08
400,Mr. Louis Morris DDS,davisdonna@example.org,East Morgan,Illinois,2023-10-09
401,Andres May,hbarrett@example.net,Brandonbury,Rhode Island,2025-08-08
402,Thomas Rios,mcdonalddanielle@example.com,Shortton,South Carolina,2024-03-31
403,Benjamin Torres,susandavis@example.net,New Paul,Illinois,2025-01-10
404,Mario White,xreese@example.net,Emilychester,Connecticut,2023-12-13
405,James Morgan,amandagreene@example.com,Andreamouth,Mississippi,2024-09-07
406,Samantha Morris,annalewis@example.net,Michaelmouth,New Hampshire,2026-04-30
407,Andrew Mitchell,holmesvictoria@example.com,West Traceyborough,Massachusetts,2023-07-07
408,Melissa Hill,clintonstevens@example.org,West Michael,Pennsylvania,2024-03-13
409,Eric Duncan,jessicacummings@example.com,South Margaret,Vermont,2025-07-23
410,Anna May,crossbarbara@example.org,Port Matthewchester,Nebraska,2026-03-29
411,Randy Adkins,walterscrystal@example.org,Alicemouth,Ohio,2025-02-22
412,Michael Hernandez,wmaddox@example.net,East Ryanfurt,Georgia,2023-11-05
413,Kenneth Williams,zbaker@example.net,Ayalaberg,Wisconsin,2023-11-08
414,Katherine Pearson,annshea@example.net,East Charles,Wyoming,2024-09-27
415,Laura Rodriguez,whenderson@example.org,Melvintown,Wyoming,2024-05-13
416,Lisa Branch MD,scottglass@example.org,Lake Nathaniel,Wisconsin,2025-08-20
417,Patrick Sanchez,mistywilkins@example.org,Heatherville,Maryland,2024-10-19
418,Daniel Medina,amychristensen@example.net,Deanberg,Vermont,2025-07-18
419,Kevin Alvarado,scottbrian@example.org,Briantown,California,2024-08-12
420,Samuel Keller,smithmichelle@example.net,Hallfurt,North Carolina,2026-05-19
421,Ethan Delacruz,lopezvincent@example.com,North Johnhaven,Maryland,2024-06-13
422,Christopher Reed,michael43@example.net,Lisaview,Missouri,2026-02-13
423,Alyssa Peters,jeremiah56@example.net,North Jessica,North Dakota,2026-05-01
424,Lori Perez,ashleysimmons@example.com,Shaneberg,Indiana,2025-05-29
425,Melinda Harris,kylethornton@example.net,South Wendy,Wyoming,2023-11-20
426,Sylvia Stewart,whitemary@example.org,Port Lucaschester,Nebraska,2024-05-11
427,Samantha Walsh,edwin31@example.org,North Kathryn,South Carolina,2025-04-20
428,Lisa Carlson,gracehoward@example.net,Andersonfort,Virginia,2025-05-25
429,James Wells,jamesjohnson@example.org,Stephaniebury,West Virginia,2025-06-18
430,Daniel Thompson,fcamacho@example.net,Michellebury,Nevada,2024-08-30
431,Nicolas James,phillip99@example.net,New Danielmouth,Arizona,2026-01-31
432,Joshua Terrell,grantzachary@example.net,East Kellyfurt,Maryland,2025-10-08
433,Christopher Phillips,vaughnrebecca@example.com,Davishaven,Delaware,2023-12-28
434,Stephanie Payne,cgutierrez@example.org,South Brittany,Virginia,2026-02-19
435,Ann Nguyen,jennifermartinez@example.org,Waltersland,North Dakota,2025-07-28
436,Vanessa Salazar,nicholasjames@example.org,Arianaberg,Hawaii,2026-01-21
437,Michael Barnes,jessica74@example.net,North Rachel,Illinois,2023-06-17
438,Alexandria Jimenez,astephens@example.net,Youngshire,Texas,2024-11-16
439,Bobby Greene,nicoleramirez@example.net,North Jack,Arkansas,2025-05-29
440,Scott Estrada,mark10@example.org,Chaneyburgh,Utah,2024-04-20
441,Melissa Armstrong,tammycurry@example.com,North Kaylamouth,Mississippi,2026-02-21
442,Olivia Bridges,carterdennis@example.net,Markchester,North Dakota,2024-01-29
443,Anthony Duncan,webbhaley@example.net,Ronaldmouth,Kentucky,2025-01-09
444,Heather Anderson DDS,lvasquez@example.net,Lake Kelly,Illinois,2023-06-15
445,Mario Wilson,laurenduarte@example.com,West Michaelborough,Alabama,2025-05-16
446,Dawn Jones,william50@example.org,Matthewshire,South Carolina,2026-05-01
447,Cheyenne Bass,zhendricks@example.org,South Eric,New Jersey,2026-02-15
448,Frances Bowers,dreilly@example.net,Annettemouth,Oklahoma,2025-01-21
449,Michael Marsh,carl24@example.org,Tonyaside,Hawaii,2025-02-28
450,Kurt Hancock,janet50@example.com,Millerbury,Mississippi,2024-10-21
451,Cindy Turner,brooksbenjamin@example.org,South Williamfort,North Carolina,2023-11-29
452,John Russo,kimberly21@example.net,East Jenny,New Jersey,2024-08-11
453,Audrey Collins,mcdanielbrooke@example.org,Steventon,Connecticut,2025-01-04
454,Emily Lane,danielle35@example.org,West Joshua,Massachusetts,2025-10-07
455,Denise Moore,smithcindy@example.net,East Amyside,Massachusetts,2024-04-06
456,Regina Andrews,charlesaustin@example.com,Williamstown,New Mexico,2026-02-28
457,James Miller,mwhite@example.net,Jensenport,Michigan,2025-11-25
458,Megan Ferguson,fbradley@example.net,Davisport,Utah,2025-05-20
459,Julie Meza,michellejensen@example.com,Whitemouth,Massachusetts,2024-10-22
460,John Bell,ssingleton@example.com,New Dakota,Virginia,2025-11-03
461,Matthew Sparks,amorales@example.org,New Erik,New Mexico,2024-08-07
462,Robert Garza,vbradley@example.net,East Elaine,California,2025-09-01
463,Sara Wilson,gnguyen@example.com,West Stephanie,California,2025-03-30
464,Linda Wilkins,troy01@example.org,New Rebecca,South Dakota,2025-11-17
465,Mary Chavez,peter97@example.org,Lake Natalie,Maryland,2025-02-28
466,Elizabeth Harding,wrobbins@example.org,New Valeriefurt,Florida,2026-01-03
467,Steven Faulkner,warnerlori@example.com,Port Juliantown,Kansas,2024-09-29
468,Lori Joseph,ijames@example.org,South Don,Oklahoma,2024-08-08
469,Sara Moore,dennisjones@example.org,Lake Nicole,Texas,2024-10-04
470,Angela May MD,senglish@example.net,Hansonmouth,North Carolina,2024-09-20
471,Janice Perez,kjacobs@example.com,Lake Walter,Nebraska,2026-03-25
472,Amanda Johnson,hbush@example.net,Nixonland,Georgia,2025-08-22
473,Shannon Christensen,steven18@example.net,East Thomasland,Utah,2025-05-08
474,Emily Brown,amanda07@example.com,Berrymouth,Nebraska,2024-07-04
475,Elizabeth Jackson,jessica94@example.org,Laneshire,Arkansas,2025-06-02
476,Omar Johnson,gmiller@example.org,Johnathanview,Louisiana,2026-01-09
477,Brian Thompson,donnawood@example.org,Kimberlybury,New York,2023-12-29
478,Amanda Riggs,caitlinunderwood@example.com,Townsendbury,Texas,2024-10-08
479,Christine Navarro,brian41@example.org,South Raymond,Maryland,2024-11-16
480,Tammy Hall,jwells@example.net,Smithmouth,Missouri,2025-06-26
481,Melanie Williams,stephanie69@example.net,Matthewview,Connecticut,2024-03-19
482,Julia Leonard,jessicachapman@example.org,Ericaburgh,Massachusetts,2025-02-03
483,Sandra Smith,foxgina@example.com,Lake Justin,Illinois,2023-07-21
484,Amy Wheeler,stephanielittle@example.net,North Melissaberg,Missouri,2025-06-02
485,Kylie Coffey,dominguezjon@example.com,Lake Shawnview,Wyoming,2024-09-23
486,Patricia Morris,kimberlyramirez@example.org,Priceton,Kentucky,2026-04-26
487,Jeremiah Vasquez,chelseywhite@example.com,East Amberchester,Indiana,2025-04-16
488,Jeremy Green,jonesashley@example.com,Smithfort,Georgia,2025-05-29
489,Andrew Myers,isabelconway@example.net,New Jasminefort,New Mexico,2024-10-03
490,Priscilla Floyd,aaronfinley@example.com,New Amandastad,Michigan,2025-06-30
491,Mark Benjamin,diazmelissa@example.com,Port Steveport,Tennessee,2024-01-22
492,Tracy Guerrero,heather15@example.com,Lake Samuelborough,Florida,2023-07-23
493,Zachary Allen,ibrown@example.net,Victormouth,Alaska,2023-07-24
494,Richard Williams,lewisdesiree@example.net,Bentleyside,Georgia,2025-09-03
495,Benjamin Moss,evaldez@example.net,East Jacquelineberg,Alabama,2023-12-19
496,Eric Leon,lcarr@example.org,North Tylerbury,California,2025-11-11
497,Robert Hendrix,rnguyen@example.net,West Mary,Indiana,2025-09-28
498,Gabriela Martinez,katherinejackson@example.com,South John,Pennsylvania,2023-07-28
499,Ryan Salazar,alexistucker@example.org,East Sarashire,Maine,2024-09-12
500,Patricia Schwartz,douglasnelson@example.com,Allenburgh,South Carolina,2025-07-11
501,Michelle Salazar,burtonkimberly@example.com,Smithbury,Illinois,2023-10-20
502,Anna Cox,stevensims@example.org,Brianville,Georgia,2025-07-04
503,Kara Thompson,brownmichael@example.org,Kingmouth,Arizona,2023-10-06
504,Joshua Moore,washingtondarren@example.org,Watkinsmouth,Nebraska,2024-01-17
505,Erika Maxwell,jeremy36@example.org,Vanceland,New Mexico,2025-03-16
506,Jeffrey Robinson,xthompson@example.org,Cortezstad,Louisiana,2024-01-21
507,Michael Brown,danielowens@example.com,Port Matthew,Maine,2025-04-05
508,Margaret Carr,belindatran@example.org,South Melodyfort,Indiana,2025-03-23
509,Diana Blair,johnhamilton@example.org,New Rachel,Nebraska,2026-05-23
510,John Mack,simmonsphillip@example.net,South Tylerland,Oklahoma,2025-09-16
511,Jennifer Robinson,kenneth10@example.com,Evanmouth,Oregon,2025-09-10
512,Jesse Ingram,xlopez@example.net,Padillatown,South Dakota,2023-08-30
513,Faith Johnson,smullins@example.net,Port Gail,South Carolina,2026-02-03
514,Amy Dougherty,pamela16@example.com,Harveystad,Mississippi,2023-12-23
515,Andrea Fletcher,devonrogers@example.net,Lake Timothyshire,Vermont,2024-01-29
516,Courtney Gomez,wesley64@example.org,West Michaelfort,North Carolina,2025-01-11
517,Michael Gregory,shannon51@example.org,Millerfurt,Idaho,2024-04-25
518,Ashley Hill,tylergolden@example.net,West Robertside,Florida,2024-11-14
519,Oscar Smith,bryanwiggins@example.org,Robertmouth,Tennessee,2025-05-22
520,Kevin Terry,kellis@example.org,Georgeview,Iowa,2024-11-25
521,Patricia Williams,justin29@example.org,Ianburgh,Virginia,2025-07-12
522,Brittany Young,chaneyautumn@example.com,Mikeborough,Oklahoma,2025-07-28
523,Vanessa Hernandez,kfernandez@example.net,Davidtown,Montana,2026-03-30
524,Theresa Reilly,adamrodgers@example.net,Deborahport,New Mexico,2026-02-19
525,Nicole Mcknight,laurenchandler@example.com,Hannahfort,Arizona,2023-11-13
526,Elizabeth Morales,seandavis@example.org,New Alicia,Wyoming,2024-04-13
527,Joshua Griffin,daughertypreston@example.com,Carriehaven,Arkansas,2026-03-05
528,Charles Nash,paul04@example.com,Kylemouth,Oklahoma,2023-09-18
529,Jill Riddle,zroberts@example.net,Chandlerchester,Florida,2025-12-15
530,Briana Turner,carl96@example.org,South Danielleview,Nebraska,2023-12-22
531,Keith Melendez,jacobjames@example.net,Williamsport,Pennsylvania,2024-05-12
532,Julie Johnson,moorekevin@example.net,Martinezport,Nebraska,2023-12-27
533,Maria Johnson,trevor19@example.net,Biancashire,Nevada,2026-01-20
534,Karen Benson,brooksjessica@example.org,Franciscoton,Georgia,2024-05-29
535,Brandy Martin,michael50@example.com,Alyssaland,North Carolina,2024-01-12
536,Pamela George,amybrennan@example.net,Josephstad,Connecticut,2025-01-19
537,Charles Taylor,nathan76@example.com,North Jeffery,North Carolina,2024-02-11
538,Steven Austin,butlersabrina@example.org,North Timothy,Maryland,2025-07-10
539,Jeremy Huerta,gerald40@example.net,East Davidberg,Vermont,2024-02-17
540,Carlos Miller,joneskim@example.com,East Danielhaven,Pennsylvania,2023-08-17
541,David Jones,websterkimberly@example.net,New Rachel,Idaho,2025-06-17
542,Charles Francis,stacy55@example.org,New Ashley,Connecticut,2025-11-28
543,Kendra Baldwin,george80@example.net,East Samanthafort,Mississippi,2025-07-18
544,Michael Rodriguez,tina63@example.net,South Daniel,Massachusetts,2023-10-27
545,Chad Farmer,angela01@example.com,Wilsonport,New Jersey,2025-04-02
546,William Wallace,broberts@example.org,Port Leahstad,Idaho,2023-06-28
547,Megan Sanders,wilsonralph@example.net,Lake Saraburgh,California,2024-07-16
548,Curtis Anthony,bmartinez@example.net,Ramirezshire,Pennsylvania,2024-04-08
549,Maria Ross,zestrada@example.com,Dylanmouth,Connecticut,2023-10-25
550,David Dunlap Jr.,greertyrone@example.org,South Cassandra,Massachusetts,2023-11-28
551,Anne Jones,msparks@example.com,Henryview,Ohio,2024-06-24
552,Kimberly Cisneros,ewingnicole@example.org,Colefurt,New Hampshire,2024-10-29
553,Justin Dalton,nicole27@example.com,West Jennifer,New York,2025-09-28
554,Katherine Spencer,kalvarez@example.net,South Joseshire,Missouri,2025-04-20
555,William Flores,garzadavid@example.com,Lisashire,Alaska,2025-09-29
556,Jamie Patterson,robert03@example.org,Lake Larry,Colorado,2026-03-07
557,Eric Morgan,ryanbenjamin@example.net,Bradleychester,Louisiana,2023-07-06
558,Alex Stewart,gmorris@example.com,Lake Emilymouth,New York,2024-12-16
559,Gina Mendez,tara37@example.net,Port Melissaborough,Maine,2024-03-30
560,Kenneth Ballard,robbinsbelinda@example.net,Joshuashire,North Dakota,2024-11-15
561,Robert Pearson,william46@example.net,Jamesfurt,Kentucky,2025-04-28
562,Phillip White,burtonzachary@example.org,Lewismouth,Louisiana,2026-04-06
563,Lisa Hammond,umichael@example.net,New Jamesmouth,Georgia,2024-03-03
564,Pamela Richard,eflores@example.net,Port Robert,Maine,2025-05-22
565,Kyle Sullivan,hernandezanthony@example.com,Washingtonchester,Nevada,2025-05-23
566,Christopher Taylor,kristine48@example.org,Lake Toddtown,Arkansas,2026-01-11
567,Kyle Camacho,qmosley@example.net,South Sherryberg,Kansas,2023-10-14
568,Tasha Boyd,tyler13@example.net,Port Lindsaymouth,Pennsylvania,2025-08-30
569,Natasha Walls,drewthompson@example.com,Ortizshire,Arkansas,2024-12-02
570,Travis Stewart,pwells@example.com,West Thomas,Mississippi,2025-11-30
571,Walter Obrien,vazquezkristina@example.org,Angelaport,South Dakota,2026-04-29
572,Robert Martinez,miaprice@example.com,Kevinbury,Maryland,2024-01-30
573,Sydney Welch,rmccormick@example.org,Ruizchester,Michigan,2025-08-08
574,Samantha Holloway,william56@example.net,Shawntown,Wisconsin,2023-08-10
575,Lorraine Gibbs,aarongonzalez@example.com,Barbaraville,Hawaii,2024-03-13
576,Patricia Banks,melaniejennings@example.com,Mendozaberg,Kentucky,2023-12-21
577,Erin Campbell,perryhunter@example.com,North Stacy,Oklahoma,2025-05-23
578,Susan Mccann,josechristian@example.org,Williamsonview,Georgia,2023-09-19
579,Travis Wilson,dayala@example.net,Wilsonborough,Illinois,2026-04-15
580,Deborah Francis,nanderson@example.net,Port Justin,Utah,2024-01-07
581,Ricky Johnson,joe73@example.com,Millerfort,Florida,2026-01-24
582,Jennifer Lewis,verickson@example.net,Charlesside,Arkansas,2023-08-10
583,Kaitlin Gomez,smithwilliam@example.com,Tiffanystad,Florida,2026-05-09
584,Lauren Green,dconrad@example.org,West Jenniferchester,Georgia,2024-03-25
585,William Porter,julie64@example.com,Zacharychester,Hawaii,2024-05-24
586,Pamela Hernandez DVM,jbrown@example.org,East Barry,Kentucky,2023-12-10
587,Brian Woodard,wwilliams@example.net,Ellisville,Washington,2026-01-19
588,Brandon Oneill,marybrady@example.com,New Whitney,Alabama,2025-01-10
589,Jennifer Jones,vrhodes@example.org,Erinville,Montana,2024-07-27
590,Ashley Morris,millermariah@example.net,Gibsonview,Rhode Island,2025-06-04
591,Andrew Dean,unguyen@example.net,East Michelle,Tennessee,2024-04-19
592,Natasha Payne,qdavis@example.org,Port Michelle,Colorado,2023-07-06
593,James Powell,davidhenry@example.com,Rebeccaberg,Minnesota,2025-06-12
594,Kayla Burns,kalvarez@example.net,Davischester,Mississippi,2025-04-16
595,Jeffery Williams,teresa32@example.com,West Taylorland,New Mexico,2024-05-08
596,Miss Elizabeth Wright,dphillips@example.net,North Williamhaven,Nevada,2024-09-08
597,Nathan Hess,jonathan18@example.org,Lake Dorothyburgh,Idaho,2025-12-23
598,Jason Bush,brenda77@example.net,Matthewburgh,Indiana,2024-01-02
599,Lindsey Savage,hamiltonandrew@example.com,North Georgefort,New Jersey,2025-07-11
600,Tracy Guzman,nturner@example.com,Ballardland,Florida,2023-11-09
601,Robert Horton,micheleclark@example.net,Lake John,South Dakota,2026-01-09
602,Angelica Carrillo,thomasjohnson@example.org,Lake Jacqueline,New York,2024-11-11
603,Lauren Harris,awilliams@example.org,Pettyfort,West Virginia,2025-03-09
604,Yvonne Johnson,ltucker@example.net,Hallton,North Dakota,2023-07-04
605,Kristen Adams,hsmall@example.com,Shanechester,Alaska,2023-12-07
606,Julie Kim,brianacohen@example.net,Andersonport,Washington,2025-08-01
607,Sandra Nunez,laura29@example.org,Hannahland,Texas,2024-11-24
608,Christopher Vasquez,fhahn@example.com,East Angela,Alaska,2024-07-11
609,Michael Thompson,romanmatthew@example.org,North Anna,New York,2024-03-22
610,Henry Williams,paula89@example.net,Lake Brentmouth,New Jersey,2026-05-04
611,Vanessa Harrington,colonbobby@example.org,Lake David,Indiana,2026-03-08
612,Edgar Alexander,goconnor@example.org,Matthewberg,Delaware,2025-12-30
613,Jason Mack,marywells@example.com,North Joseph,Virginia,2025-09-18
614,Maurice Hernandez,icobb@example.com,Hardinmouth,North Dakota,2025-10-31
615,Allen Thomas,robbinszachary@example.org,West Leroyburgh,Nevada,2023-08-20
616,Mary May,levinetina@example.net,Robertside,Maryland,2025-08-12
617,Gregory Wilcox,isabellagriffin@example.org,Terryfurt,Wyoming,2024-01-16
618,Andrew Cook,abigailfernandez@example.org,New Andreahaven,Michigan,2025-09-20
619,Alexis Hogan,john46@example.net,Lake Brianstad,Kentucky,2025-05-01
620,Anthony Curtis,westashley@example.org,Morganbury,West Virginia,2026-06-01
621,Stephanie Burton,michaelmitchell@example.net,Lake Nicholas,West Virginia,2024-03-11
622,Kevin Carson,shawn26@example.com,North Bryanberg,New Mexico,2024-02-04
623,Michael Powell,lwiggins@example.com,Barajasfort,Washington,2026-05-15
624,Brianna Martinez,tanderson@example.net,Lake Jasonfort,Arizona,2025-09-09
625,Jaclyn Crane,xrodriguez@example.net,Billyberg,Delaware,2024-07-25
626,Elizabeth Tucker PhD,kristenfisher@example.com,Jasonfort,Alabama,2023-10-26
627,Seth Butler,ariel56@example.com,Port Dillon,South Dakota,2024-10-31
628,Jerry Cline,christopher99@example.com,Hallfurt,Michigan,2025-01-26
629,Stacy Fitzgerald,clinejasmine@example.net,Annville,Tennessee,2025-02-16
630,Luke Ray,bernardaimee@example.com,North Dominiqueside,Idaho,2026-05-03
631,Daniel Gallegos,imiller@example.net,Richardton,New York,2026-01-13
632,Jeffrey Perry,patrick11@example.org,West Douglas,Kentucky,2025-10-03
633,Tristan Gregory,mendezmark@example.org,West Petermouth,Georgia,2024-09-08
634,James Carey,williamsjohn@example.net,South William,North Carolina,2024-08-09
635,Antonio Marshall,bjones@example.com,North Joseph,Pennsylvania,2025-06-22
636,Justin Glover,ashley71@example.net,Port Tammy,Mississippi,2025-01-26
637,David Cisneros,dwilliams@example.net,Deniseburgh,Alabama,2023-08-18
638,Denise King,okidd@example.org,Brandonside,Oregon,2023-08-29
639,Michael Rivas,natalie39@example.net,Nicolemouth,South Dakota,2024-03-26
640,Jodi Sanchez,matthew79@example.com,Lake Dennistown,Rhode Island,2024-11-17
641,Megan Gutierrez,ifarmer@example.org,New Anthonymouth,Utah,2023-10-27
642,Jamie Burke,xthompson@example.net,North Stevenborough,New Hampshire,2023-06-24
643,Olivia Becker,james94@example.net,East Tina,Mississippi,2023-07-24
644,Michael Obrien Jr.,rrodriguez@example.net,Jacksonborough,Texas,2025-08-31
645,Lindsey Thompson,julieanderson@example.net,New Jessica,Louisiana,2024-01-10
646,Wendy Steele,erin70@example.com,Port Sheilachester,Nebraska,2024-04-09
647,Julie Ward,stephensonjeffrey@example.com,Patelmouth,Alabama,2024-08-16
648,Spencer Aguirre,tiffanycoleman@example.org,East Frank,Maryland,2023-08-21
649,Alyssa Reynolds,watkinsconnie@example.com,Johnfort,Kansas,2026-04-29
650,Samantha Stone,sherryparsons@example.net,Duranmouth,Pennsylvania,2023-10-28
651,Sydney Bennett,pattonbryan@example.com,West Cherylchester,California,2023-10-03
652,Anthony Horn,wdavis@example.com,Port Carol,Texas,2025-04-27
653,John Patterson,morgansharon@example.org,Holmesshire,Illinois,2023-10-10
654,Micheal Watkins,rebeccamartinez@example.net,Michaelfort,Washington,2025-04-24
655,Chad Williams,larrygraham@example.net,Larryside,Wyoming,2023-11-20
656,Larry Carter,holmesdiane@example.org,East Williamside,Arkansas,2024-09-18
657,Curtis Kerr,petersonelizabeth@example.net,Greenemouth,Pennsylvania,2025-02-23
658,Elijah Murphy,gibsonkristina@example.org,Robinsontown,South Dakota,2024-02-13
659,Marcus Allen,lindsay63@example.com,Port Veronica,Mississippi,2023-06-24
660,Justin Thomas,llee@example.com,North Jamesport,Idaho,2024-02-08
661,Christopher Abbott,gregorysmith@example.com,North Marieberg,Missouri,2025-05-31
662,Gina Clark,zallen@example.com,New Tiffany,South Carolina,2026-02-04
663,Ana Thomas,lauralee@example.com,Louischester,South Dakota,2024-03-08
664,Luis Lopez,kristine53@example.org,Moniquehaven,Pennsylvania,2026-02-08
665,Brad Ruiz,jacksonpaul@example.net,Victormouth,Idaho,2024-05-31
666,Michael Baldwin,lwells@example.com,East Jeffreyborough,New Hampshire,2026-01-15
667,Eric Oneal,selenabrooks@example.net,East Karenport,New Hampshire,2025-01-02
668,Andrew Hunt,ronald76@example.com,Lindamouth,Louisiana,2024-08-06
669,David Brewer,rachel48@example.net,Port Joshuabury,Connecticut,2023-10-21
670,Joshua Cook,john43@example.net,Port Karen,West Virginia,2025-01-29
671,Randy Campbell,krista66@example.net,South Destinyberg,Montana,2024-02-18
672,Christine Hall,dsharp@example.com,West Meganchester,Wyoming,2026-04-11
673,Jeffrey Farrell,brooksbarbara@example.org,Sherrytown,New York,2025-11-18
674,Gina Barnes,sfarmer@example.net,Marktown,Oregon,2025-10-21
675,Brittany Cisneros,ashley99@example.net,Bairdborough,Montana,2023-08-22
676,John Murphy,tfowler@example.org,North Emily,Idaho,2023-07-19
677,Katherine Lopez,pruittpaul@example.org,West Donna,California,2024-10-24
678,Adam Murphy,hmyers@example.org,Mendozaland,Missouri,2026-04-25
679,Beverly Harris,qmeyers@example.com,New Barbara,Maryland,2025-03-18
680,Melinda Hill,rittersean@example.com,New Mark,Oregon,2026-02-01
681,Kenneth Mclaughlin,debbie75@example.net,Peterburgh,Nebraska,2024-03-13
682,Morgan Ellis,hollydavis@example.net,East Nicoleburgh,Louisiana,2026-02-05
683,Mary Jones,reginajenkins@example.net,West Charlesville,North Carolina,2025-10-01
684,Jerry King,murraycharles@example.net,Jamesfurt,Illinois,2024-08-21
685,Brian Stark,ellen77@example.com,North Amybury,Virginia,2026-04-20
686,Robert Skinner,marylawson@example.org,Davidfurt,Hawaii,2023-09-07
687,Megan Hernandez,gregory08@example.org,Hortonhaven,Tennessee,2025-06-09
688,Ashley Vaughn,awilliams@example.org,Wangbury,Mississippi,2026-03-05
689,Alan Johnson,rogersjames@example.net,East Susanville,Texas,2023-12-14
690,Jason Rodriguez,marcus39@example.org,Mcmillanville,Iowa,2024-02-03
691,Christopher Morales,alexander37@example.org,Lake Lisastad,Arizona,2023-08-26
692,Eric George,marquezkylie@example.net,West Susan,Rhode Island,2024-06-03
693,Jasmine Middleton,martinreid@example.net,Tiffanyfort,California,2024-06-15
694,Lauren Reyes,wesleybush@example.org,North Christina,Delaware,2024-05-17
695,Nicole Harvey,taylorvictor@example.org,South James,Arizona,2024-02-29
696,Virginia Wallace,dennis50@example.net,Wongport,Wisconsin,2023-07-09
697,Erin Allen,knoxelizabeth@example.org,New Monique,North Dakota,2024-05-31
698,Aaron Kane,mckaybrett@example.org,East Christopher,Pennsylvania,2025-02-04
699,Christine Romero,thardy@example.org,East Roger,Rhode Island,2024-03-12
700,Jerome Reid,michelle71@example.com,Grayfort,New Hampshire,2024-09-19
701,Jessica Moore,ysmith@example.com,Port Rebeccaport,Rhode Island,2025-01-22
702,Casey James,shawn68@example.net,Jonesberg,Virginia,2024-11-09
703,Colton Smith,travis66@example.net,Patrickport,Tennessee,2026-05-31
704,Stephen Riddle,cruzariel@example.org,Kruegerstad,North Carolina,2025-07-30
705,Isabel Brown,vhouse@example.org,South Austin,Mississippi,2025-05-05
706,Melissa Brewer,catherine24@example.org,North Darryl,Colorado,2025-05-20
707,Jennifer Willis,stonejacob@example.com,Port Ronald,Vermont,2024-05-10
708,Mary Reyes,jessica11@example.net,Lisaview,West Virginia,2024-01-29
709,Melissa Smith,lisasmith@example.org,Warrenport,Washington,2024-09-28
710,Cody Taylor,hwhite@example.com,East James,West Virginia,2023-12-31
711,Deanna Barrera,nalexander@example.org,North Kelly,Missouri,2023-10-28
712,Allen Young,gchambers@example.org,West Karentown,Texas,2025-03-13
713,Mrs. Kelly Smith,sarah75@example.net,Rogersmouth,Massachusetts,2025-11-25
714,Mary Gray,hestermorgan@example.org,South Monicafurt,Washington,2025-12-15
715,Allison Martinez,stephanie35@example.com,Robertsonborough,Alabama,2026-05-29
716,Robin Smith,morgan57@example.org,Rossland,Minnesota,2024-09-24
717,Tara Hatfield,navarrokelly@example.org,Port Abigail,Oregon,2025-10-21
718,Amanda Jimenez,turneremily@example.net,Jacksonmouth,Delaware,2024-11-23
719,Dana Jackson,garciavictoria@example.org,West Raven,Wyoming,2024-04-16
720,Mary Lynn,wadesandra@example.net,Davismouth,Iowa,2026-03-31
721,Lindsay Schneider,vkent@example.net,Valdezside,Nevada,2025-11-16
722,Brian Miller,petersonbrittany@example.org,New Michaelmouth,Missouri,2025-03-07
723,Antonio Nichols,uwhitney@example.com,New Elizabeth,Pennsylvania,2024-02-12
724,Joshua Murray,lisaphillips@example.org,Frazierberg,Rhode Island,2024-04-19
725,Sarah Carey,georgekyle@example.net,West Wendyshire,New Mexico,2025-05-05
726,Eddie Levy,zavalamason@example.net,Port Jessica,Iowa,2025-07-20
727,Sean White,tluna@example.net,North Amy,Michigan,2024-09-18
728,Gregory Myers,rosejustin@example.net,Lake Melissa,Montana,2023-09-28
729,Rick Glenn,hornjenna@example.com,New Devin,Vermont,2024-11-23
730,Christine Brock,jillsmith@example.net,Lake Kristenberg,Missouri,2026-04-20
731,Ryan Howe,kellythomas@example.org,New Debrashire,Nevada,2026-05-11
732,Jennifer Johnson,randyturner@example.net,Lake Julie,Wyoming,2025-07-11
733,Mary Strickland,phill@example.com,Alexanderville,Colorado,2023-10-25
734,Susan Walker,vhill@example.org,South Todd,Tennessee,2025-07-23
735,Calvin Nguyen,richardhaynes@example.com,Brownshire,Ohio,2025-08-04
736,Becky Mullins,whitecarol@example.org,New Sethmouth,Delaware,2023-07-26
737,Marissa Miller,melissa01@example.org,Michaelside,Hawaii,2024-09-19
738,April Turner,donna72@example.net,Nealhaven,Minnesota,2025-04-08
739,Melissa Bates,youngjacob@example.com,East Carrie,Indiana,2025-03-23
740,Nicholas Henderson,jorge26@example.com,West Ericaberg,Ohio,2024-01-23
741,Debra Schultz,jenniferelliott@example.net,South Lorraine,Massachusetts,2026-06-05
742,Alexander Munoz,nelsonamanda@example.net,Jonesland,Mississippi,2026-03-06
743,Brianna Yates,alejandro63@example.com,Port Saraburgh,North Dakota,2025-08-20
744,Roberto Burns,jackie48@example.com,North Georgefurt,Idaho,2024-06-26
745,Tracy Schmidt,iwoods@example.com,Lake Williamberg,Texas,2023-10-30
746,Nicolas Brown,jasmine39@example.com,Whitestad,New Jersey,2024-12-15
747,Jeffrey David,kevinhodge@example.com,Townsendland,South Dakota,2023-09-09
748,Theresa Martin,millerjustin@example.com,South Ericaberg,New Mexico,2024-12-10
749,Megan Patel,sullivanchristina@example.net,Lake Ronaldside,West Virginia,2024-06-26
750,Mary Knapp DVM,lawsontami@example.net,East Charles,Florida,2024-12-27
751,Jenny Gray,tara53@example.net,West Kevinport,Kentucky,2024-02-02
752,Laura Robinson,sarah80@example.com,Browntown,South Carolina,2024-10-30
753,Brian Bailey,richardsmith@example.com,Gonzalezhaven,North Carolina,2026-02-22
754,Thomas Smith,jeremy65@example.com,Rossburgh,Ohio,2025-11-19
755,Jeffrey Franco,donaldburgess@example.org,Nicoleborough,Delaware,2024-01-07
756,James Manning,martinjames@example.com,Davidfort,Oklahoma,2024-12-08
757,Bethany Potter,vshaw@example.com,North Susan,Alaska,2023-10-30
758,Adam Cohen,gregorymatthew@example.net,South Timothyport,New York,2023-09-12
759,Luke Daniel,johnwang@example.com,Lake Lori,Illinois,2024-11-14
760,Ashley Cross,jacobbond@example.net,East David,Montana,2023-07-26
761,Tanya Simmons DDS,linomar@example.net,Isabelbury,Iowa,2024-06-16
762,Jordan Schneider,daniel54@example.com,Wrightton,Idaho,2023-07-28
763,Patrick Lewis,mramirez@example.org,Lopezfort,Mississippi,2024-06-14
764,Michael Vega,markfigueroa@example.com,Johnview,Indiana,2025-03-15
765,Brian Soto,williamstanya@example.net,East Janet,Connecticut,2023-09-04
766,Grace Swanson,amandahernandez@example.org,South Andrea,Kentucky,2026-02-15
767,Sarah Castro,patricia71@example.com,South Roberthaven,Alaska,2023-12-13
768,Walter Roberts,bauerheather@example.net,Simpsonside,North Carolina,2026-05-13
769,Paul Cruz,rmorales@example.org,North Ernest,Indiana,2025-03-23
770,Timothy Hunt,kevin34@example.net,Andreaburgh,Iowa,2023-08-02
771,Andrew Hernandez,sara40@example.net,Port Jason,Delaware,2023-06-15
772,Larry Wood,pottsnicole@example.com,South Rachel,Maine,2024-06-03
773,Robert Holloway,jessicaramirez@example.com,New Dianeshire,Connecticut,2025-08-13
774,Theresa Scott,lisawalker@example.com,New Crystal,Wisconsin,2024-08-20
775,Nicholas Hamilton,racheldavis@example.org,Lopezburgh,Illinois,2025-02-27
776,Catherine Campbell,frank26@example.net,North Douglas,Nevada,2024-03-08
777,Tracy Garcia,jessicamorton@example.net,South Patrickville,Alabama,2025-09-27
778,Amanda Wright,adamssheena@example.net,Port Tammyville,Ohio,2025-08-28
779,Michael Harris,cmalone@example.org,Martinberg,Kansas,2023-08-14
780,Lori Martinez,garciakenneth@example.net,Thomasbury,Alaska,2024-02-17
781,Harry Mitchell,tmcdaniel@example.org,Jacksonville,Iowa,2023-10-03
782,Heather Gilbert,wardsandy@example.org,New Edwardchester,North Dakota,2024-06-14
783,Jeffery Barry,colleen45@example.org,Sabrinastad,Kentucky,2025-11-18
784,Angela Smith,kimberlythomas@example.org,Griffinfort,California,2023-10-16
785,Nicholas Thomas,wanda26@example.com,Troyfort,Vermont,2026-05-15
786,Mallory Taylor,patrickdunn@example.net,Patelbury,Missouri,2023-09-13
787,Kelsey Frank,jacquelineyoung@example.org,Port Andre,Oklahoma,2024-11-14
788,Brian Pruitt,melinda24@example.com,Port Melissa,Nebraska,2024-03-05
789,Amy Taylor,nicholasjohnson@example.com,Brianville,Texas,2025-03-12
790,Kirk Moore,michaelmiller@example.org,New Mariahchester,Georgia,2025-09-29
791,Charles Rose,theodore57@example.net,West Danielton,Tennessee,2023-07-19
792,Kathy Smith,dfrazier@example.net,Samanthahaven,Maryland,2025-07-30
793,Christopher Dudley,ispence@example.net,South Christine,Iowa,2024-08-16
794,Vanessa Jacobs,velasqueztaylor@example.com,Wilcoxburgh,Arkansas,2025-11-10
795,Chloe Rodriguez,coxkimberly@example.com,East Julianside,Connecticut,2023-08-24
796,Nicole Parker,daniellejohnson@example.com,New Annetteshire,New Mexico,2023-08-03
797,Tony Smith,karen68@example.org,Karenstad,Florida,2025-07-23
798,Jason Figueroa,shawkimberly@example.org,Woodston,Maine,2023-12-07
799,Angela Garrett,nicoleaguirre@example.net,Port Jennifer,North Carolina,2024-12-30
800,Marisa Conrad,seth25@example.com,Cindychester,Arizona,2026-02-14
801,Jasmine Clark,rubioashley@example.com,Port Alexisport,Oklahoma,2026-01-19
802,Stephanie Porter,sedwards@example.org,West Barbarastad,Colorado,2023-08-30
803,Julia Andersen,kathryn72@example.org,Williamsport,Montana,2024-09-04
804,Melanie Alexander,nathaniel68@example.com,Natalieton,South Carolina,2026-05-20
805,Richard Lyons,mooredaniel@example.com,New Reginald,California,2024-02-13
806,Maureen Bailey,dday@example.org,East Jessicafurt,Wyoming,2024-09-30
807,Austin Peterson,vlewis@example.com,West Shawnside,Georgia,2026-04-18
808,Daniel Carroll,zbrown@example.com,Irwinborough,Arkansas,2024-01-31
809,Peter Henderson,cynthia12@example.org,Richardport,Virginia,2024-10-20
810,Daniel Orozco,mariadavis@example.com,Tabithaport,Hawaii,2024-01-17
811,Karen Nichols,tammykim@example.net,Morrowside,Rhode Island,2024-01-17
812,Laura Thomas,alexis72@example.com,Danielchester,Kentucky,2025-01-04
813,Jerry Wall,cynthiafowler@example.net,North Jefferyborough,Nebraska,2025-07-16
814,Lindsay Robinson,stephaniebonilla@example.net,West Lisatown,Maryland,2026-02-20
815,Sharon Lyons,wgutierrez@example.com,Millsmouth,Delaware,2026-03-25
816,Jake Tran,amyjames@example.net,Waltersville,Colorado,2025-11-13
817,Matthew Jensen,vgarcia@example.net,Lake Seanshire,Arizona,2025-06-14
818,Christy Frank,ewilson@example.org,Tammymouth,Nebraska,2026-03-05
819,Rachel Foster,kimberly84@example.com,Kylechester,Utah,2024-03-04
820,Jennifer Smith,krystalrandall@example.net,Matthewshire,Nevada,2024-03-05
821,Cheryl Newman,solisbecky@example.org,Maddenburgh,Montana,2026-02-28
822,Jessica Garcia,williamwelch@example.com,Maryburgh,Massachusetts,2024-01-23
823,Jeffrey Fuller,anthonyzimmerman@example.org,Johnsonberg,New Jersey,2025-05-09
824,Chelsea Delgado,kennethnichols@example.org,Townsendton,Louisiana,2023-09-12
825,Alexander Mercer,rodriguezsara@example.org,East Justinburgh,Colorado,2023-09-06
826,Susan Clark,henryandrew@example.org,Chungland,Indiana,2025-07-06
827,Erik Odonnell,hectorsmith@example.org,North Theresastad,New Mexico,2026-06-08
828,Abigail Boyd,sara39@example.org,New Williamberg,Indiana,2026-01-19
829,Daniel Murphy,christopherholt@example.org,Joshuaborough,Colorado,2024-06-30
830,Elizabeth Mcgee,zgraham@example.org,Geraldview,Montana,2023-10-04
831,Laurie Martin,stephaniefreeman@example.com,Carlsonview,Massachusetts,2025-04-26
832,Jessica Bradley,rachael17@example.org,New Johnnychester,Maine,2025-04-05
833,Tiffany Moreno,ljohnson@example.com,Gibbsstad,Kansas,2023-09-01
834,Jacqueline Chan,smithhaley@example.net,Jasonshire,Massachusetts,2026-02-23
835,Janice Guzman,dakotaramirez@example.net,New Patriciachester,Utah,2025-09-19
836,Francisco Gonzalez,rjimenez@example.com,North Shawnmouth,Pennsylvania,2024-08-06
837,Dominique Schneider,buckjustin@example.com,New Samanthaton,Michigan,2025-05-20
838,Brandon Lang,joshua56@example.org,Troyton,Montana,2024-05-06
839,Mrs. Margaret Lozano,sharon10@example.org,Port Alexville,Massachusetts,2026-01-13
840,Courtney Miller,lisa80@example.net,West Nicoleton,Delaware,2023-08-05
841,Dennis Watts,knelson@example.org,Wilsonmouth,Georgia,2025-09-16
842,Tracy Gutierrez,hbarnett@example.net,New Timothy,New York,2026-05-19
843,Nicholas Perez,katie15@example.net,Lake Deborah,Indiana,2025-07-14
844,Johnny Lewis,taylorcruz@example.com,West Jasonshire,Wisconsin,2025-01-12
845,Paige Collins,grios@example.org,East Sabrina,Missouri,2026-05-17
846,Kayla Deleon,caseyhenderson@example.net,Stephanieshire,Tennessee,2023-10-03
847,Brian Rodriguez,shannonjacob@example.org,Stanleymouth,Minnesota,2024-03-31
848,Angela Reynolds,randyjordan@example.com,South Josephville,Arkansas,2025-05-24
849,Jenny Carter,rthompson@example.net,Stoneville,Utah,2023-08-07
850,Brian Wilson,johnstonjohn@example.net,West Jeremyfurt,Montana,2024-08-17
851,Roger Holt,yharris@example.org,Danaport,Washington,2023-06-17
852,Terry Howell,melissa32@example.com,East Jacobmouth,Georgia,2026-05-03
853,Jessica Smith,nicole20@example.net,Tarashire,Alabama,2024-11-30
854,Brian Fuentes,mary88@example.org,Port Clifford,Maryland,2025-11-11
855,John Bell,elizabeth45@example.com,Port Michaelmouth,North Dakota,2025-10-09
856,Stephanie Larson,nelsonapril@example.net,East Tiffanybury,Texas,2026-06-07
857,Andre Lane,vhoward@example.org,South Danielle,Louisiana,2026-01-30
858,Stephanie Cole,josephshelton@example.com,Lawrenceview,Maryland,2024-01-08
859,Mia Flowers,hamiltonspencer@example.com,Danieltown,New York,2026-03-26
860,Michael Mills,cindy24@example.com,Calvinport,Alabama,2024-10-23
861,Roger Martinez,btorres@example.com,North Johnstad,Maine,2025-10-21
862,Tina Castro,reevesdouglas@example.net,South Brenda,Colorado,2024-04-27
863,Timothy Wright,ghenderson@example.com,Carlaburgh,Oregon,2024-10-03
864,Regina Taylor,johnbutler@example.org,Kevinport,Oregon,2026-03-26
865,Clifford Patton,hdavis@example.com,Williamstad,New Jersey,2024-07-06
866,Tyrone Murray,bernardrobert@example.org,Kristinshire,North Carolina,2024-07-26
867,Stephanie Rich,camposphilip@example.com,South Lindseyhaven,New Jersey,2025-12-19
868,Devin Andersen,cookconnor@example.com,Vaughnton,Delaware,2025-09-02
869,Nancy Brown,zacharyhart@example.com,East Patty,South Dakota,2026-01-03
870,Eric Hays,shaffercindy@example.org,North Aaronville,North Dakota,2023-09-28
871,John Wall,hmyers@example.com,Webbburgh,Kansas,2025-12-22
872,Samantha Maldonado,reynoldsdaisy@example.org,Port Julie,Kansas,2023-12-18
873,Kimberly Alvarez,keith19@example.com,Elizabethfurt,Missouri,2025-07-17
874,Jason Coleman,campbelldavid@example.com,New Kevinmouth,Arizona,2026-03-05
875,Charles Khan,khill@example.com,West Rachel,North Dakota,2024-08-15
876,Matthew Bell,stephen24@example.net,Sandraland,Tennessee,2024-11-25
877,Lisa White,david59@example.net,Breannafurt,California,2023-08-02
878,Caitlin Davis,portererin@example.com,Port Lindsey,Washington,2025-11-01
879,Spencer Chandler,acampos@example.org,New Johnton,West Virginia,2023-09-01
880,Lisa Pittman,manuelhale@example.com,Lake Audrey,Illinois,2024-01-14
881,Michael Perez DDS,zcervantes@example.org,New Andrewville,Indiana,2023-07-20
882,Aaron Schroeder,petersonfaith@example.net,Leeborough,Oregon,2025-12-07
883,Heather Yoder,lauriegonzales@example.net,Sawyershire,Colorado,2023-10-31
884,Ashlee Jimenez,guzmanmark@example.org,Sandraview,Missouri,2025-07-23
885,Seth Donaldson,fergusonjohn@example.net,Reginaldton,Ohio,2025-07-17
886,John Lowery,denise05@example.com,Jameston,Florida,2024-01-23
887,Erin Todd,youngcharles@example.net,West Tinachester,Rhode Island,2025-09-01
888,Stacy Mendoza,josephwilliams@example.org,Romerostad,Nevada,2024-11-18
889,Sherri Perez,johnsonkimberly@example.org,Flemingtown,Oklahoma,2024-11-23
890,James Martinez,hdunn@example.com,New Tonistad,Minnesota,2024-01-12
891,Anthony Hall,perezjulie@example.net,Port Alexisbury,Arkansas,2023-09-05
892,Christopher Williams,carrie34@example.org,Mendozaville,Texas,2023-09-06
893,Joshua Simpson,priscilla37@example.net,Shellyside,Maine,2026-01-21
894,Steven Flores,brownrachel@example.net,Ramirezborough,Florida,2025-12-22
895,Elizabeth Tran,watsonlisa@example.org,East Hollymouth,Delaware,2023-07-07
896,Debra Chapman,margaret10@example.com,Simpsonfurt,Missouri,2024-10-12
897,James Keller,guerreroanthony@example.com,New Karenmouth,Kentucky,2025-11-18
898,Nicole Peterson,yglenn@example.net,Port Danielfurt,Washington,2026-03-31
899,William Nichols,karmstrong@example.net,Franciscofurt,New Jersey,2025-09-08
900,Bonnie Smith,christopher38@example.com,Ashleyton,South Carolina,2024-04-09
901,David Delgado,martinezashley@example.com,Melaniemouth,New Jersey,2023-07-02
902,Andrew Howard,rickyriley@example.org,Pennyside,Massachusetts,2026-04-23
903,David Buchanan,misty23@example.net,East Monica,Tennessee,2023-08-07
904,Andrew Cohen,criley@example.net,North Stephanie,Kentucky,2026-05-17
905,Ryan Atkinson,burkemichael@example.org,Wilsonland,Kansas,2024-01-23
906,Sandra Becker,maynancy@example.org,West Catherinestad,Michigan,2026-05-17
907,Jade Dunlap,christy25@example.org,Sarahshire,Alaska,2023-10-08
908,Erik Baldwin,shelby69@example.org,South Kathryn,Tennessee,2023-09-07
909,Timothy Walker,hryan@example.net,New Thomashaven,North Dakota,2024-10-09
910,Russell Carter,marklloyd@example.com,South Leslie,Delaware,2025-07-12
911,Tyler Ortiz,bellwilliam@example.com,Jacobsmouth,Nebraska,2024-02-20
912,Victoria Frost,kimberlyrussell@example.net,New Jorge,Maine,2024-06-22
913,Jason Wagner,barbarachen@example.org,South Alexis,Delaware,2024-09-14
914,Michelle Harrison,martinezaustin@example.com,Lake Garyland,Florida,2024-12-29
915,Jasmine Henderson,richardhawkins@example.net,Davidmouth,Pennsylvania,2025-04-11
916,Nathan Jones,stephanie67@example.net,Robertsfort,Vermont,2023-11-08
917,Ralph Hendricks,hernandezalan@example.net,Emilymouth,Missouri,2024-05-30
918,Nathan Ramirez,halltrevor@example.org,Mitchellfurt,Massachusetts,2025-09-21
919,Amanda Landry,russellramirez@example.net,Coryport,Hawaii,2023-10-21
920,Jeffrey Mcclure,sheila49@example.org,Lake Joshua,Connecticut,2024-01-26
921,Nicole Johnson,moyeramber@example.org,South Marissatown,Mississippi,2024-01-22
922,Laura Dennis,mariahphillips@example.org,South Pamelafort,Kentucky,2023-09-17
923,Donald Barnett,linda31@example.com,New Matthew,New Jersey,2025-05-05
924,Paula Mann,patricia06@example.org,Jamesside,Texas,2025-12-18
925,Tiffany Burton,derrickbennett@example.org,West Theodore,New York,2025-11-22
926,Diane Gonzalez,tapiamercedes@example.net,North Ryan,New York,2025-02-14
927,Christopher Barnes,christina93@example.net,Toddburgh,Maryland,2025-12-21
928,Mary Henry,iharper@example.com,Colinville,Wisconsin,2025-09-28
929,Jeremy Wright,dwilson@example.com,West Heidiberg,Wyoming,2026-02-04
930,Sharon Burke,anthonyadams@example.org,Brownmouth,Kentucky,2025-06-22
931,Robert Coleman,rita47@example.net,West Daisy,Arizona,2024-05-17
932,Kenneth Jackson,kimberlyrodriguez@example.net,Davidside,Alaska,2026-04-20
933,James Deleon,rhonda81@example.net,New Jasonside,Illinois,2026-05-28
934,Jennifer Robbins,laurie55@example.com,New Jessica,Alabama,2023-07-23
935,Todd Garcia,cmoody@example.org,Kevinbury,South Dakota,2025-10-07
936,Dominic Martinez,irios@example.net,Michelleland,California,2024-12-17
937,Morgan Smith,codychapman@example.com,Port Catherine,Maryland,2025-10-21
938,Patrick Turner,qharris@example.net,Bennettchester,Colorado,2024-02-12
939,Donald Mitchell,patrickkaiser@example.net,Beanside,Virginia,2023-10-10
940,William Sanders,sergiowoods@example.org,Martinland,Connecticut,2025-02-17
941,Tom Watkins,thomaschristina@example.com,North Katrina,Kentucky,2024-09-07
942,Sandra Johnson,rsavage@example.net,Port Anna,New York,2025-01-31
943,Matthew Morris,vrobertson@example.net,North Ronaldland,Missouri,2023-10-31
944,Joseph Martinez,samuelstanton@example.org,Simpsonhaven,New York,2023-11-14
945,Jennifer Smith,grahamkelly@example.net,Alexandrastad,Oregon,2025-05-26
946,Joseph Harris,april47@example.com,West Sara,Washington,2026-06-09
947,Carly Espinoza,asmith@example.org,South Carlos,Alabama,2024-05-20
948,Michael Medina,cody97@example.net,North Michael,Oklahoma,2026-02-06
949,Adrian Lee,lori69@example.net,Michaelfurt,Kentucky,2025-02-17
950,Christina Watkins,crossjoshua@example.com,East Laurashire,Tennessee,2025-09-30
951,Raymond Vargas,tammy97@example.org,North Krista,Indiana,2023-09-22
952,Brianna Martin,morrispaula@example.org,New Lindsay,Nevada,2025-06-11
953,Jonathan Wilson,ybennett@example.net,Kellyhaven,Massachusetts,2025-01-15
954,Sarah Moses,jennifer68@example.com,Nealview,Utah,2023-10-23
955,Marissa Thompson,melissa56@example.org,South Neil,West Virginia,2026-06-09
956,Isaac Lee,mark54@example.net,New Joshuaview,Tennessee,2024-11-19
957,Michael King,maddoxmadeline@example.net,Osbornmouth,New York,2023-12-21
958,Maria Gardner,johnsonanthony@example.net,Lake Jill,Florida,2023-09-12
959,Barbara Ramos,edwardsmichaela@example.com,Lake Christina,Alaska,2024-06-12
960,Stephanie Hurst,rebeccamatthews@example.com,Lake Richardton,California,2024-01-11
961,Brittany Adams,scotthill@example.org,Thompsontown,Maryland,2024-04-09
962,Glenn Carroll,knightsteven@example.org,East Jessicaburgh,Massachusetts,2025-03-22
963,Pamela Kramer,danastevens@example.net,West Mary,Tennessee,2026-04-12
964,Nicole Rojas,brian42@example.com,New Leslie,Iowa,2025-12-15
965,Curtis Krause,heidi41@example.com,Bethstad,Wyoming,2025-05-17
966,Mark Decker,herringbrenda@example.org,Lake Ryan,Tennessee,2025-11-18
967,Christine Lyons,christopher34@example.org,Greenville,North Dakota,2025-06-04
968,Charles Willis,anne90@example.com,Lake Michaeltown,Hawaii,2024-09-17
969,Matthew Garcia,kevin78@example.org,South Lisamouth,Pennsylvania,2025-03-06
970,James Flowers,jennifer95@example.com,Evansbury,Wisconsin,2026-04-03
971,Ashley Simmons,stephanie69@example.org,New Garrett,Maryland,2026-02-09
972,Terri Gonzalez,davidcook@example.org,West Lauraberg,Minnesota,2024-10-28
973,Aaron Hernandez,kevinmiller@example.org,South Christopher,Kansas,2023-11-29
974,Patricia Smith,melvinruiz@example.net,Halefort,Texas,2024-07-30
975,David Stark,wanderson@example.org,Mejiaport,Utah,2025-08-22
976,James Jones,lsantiago@example.org,New Gregory,Kansas,2024-07-22
977,Rodney Bishop,pmelendez@example.org,South Jacob,Indiana,2024-05-09
978,James White,justinhughes@example.com,West Susanchester,Idaho,2023-12-10
979,Sandra Marshall,reedjessica@example.net,Laratown,Hawaii,2024-05-28
980,Janet Gibson,qvaldez@example.com,Wiseport,Nevada,2024-03-23
981,Lindsey Lang,xshaw@example.com,Meganstad,Delaware,2025-10-21
982,Ms. Janet Leonard,adamvaughan@example.net,Jamesmouth,Nevada,2023-08-06
983,Bryan Burns,brendan95@example.com,Rogersport,Wyoming,2025-11-27
984,Cassandra Kelly,griffinkenneth@example.org,West Jessicaside,West Virginia,2024-08-21
985,Joseph Martinez,cynthiajordan@example.com,Teresabury,Washington,2025-11-29
986,Amanda Nguyen,thomastiffany@example.net,South Williamland,Michigan,2026-03-26
987,Jenny Johnson,jennifer16@example.org,New Jose,Maryland,2025-04-18
988,Rebecca Benson,brooksthomas@example.com,Julieburgh,Louisiana,2024-12-14
989,James White,joseph63@example.org,Sandovalview,Louisiana,2024-11-01
990,Madison Davis,andrewnguyen@example.org,Jessicamouth,Pennsylvania,2024-09-17
991,Kimberly Alvarez,cooperluis@example.com,South Melissa,New York,2024-01-30
992,Megan Scott,guerreroashley@example.org,Hoffmanstad,Colorado,2024-01-27
993,Mrs. Dorothy Stewart,njohnson@example.net,New Michael,Nevada,2024-09-11
994,Nicole Campbell,yfritz@example.net,South Catherine,Delaware,2023-09-28
995,Willie Duncan,michellewang@example.net,Piercestad,Wisconsin,2024-02-07
996,Diana Townsend,beckgloria@example.net,Wayneside,Montana,2024-02-15
997,Peter Mitchell,lmoore@example.com,Aaronmouth,Wisconsin,2024-11-03
998,Terry Reyes,amccann@example.org,New Jeffreyhaven,Colorado,2025-04-01
999,Theresa Nguyen,garrettgarrett@example.net,West Andrewfurt,Oklahoma,2024-12-25
1000,Thomas Ellis,gregorygiles@example.org,Davidland,Alaska,2024-01-26
